Author,Mention
YAGPDB.xyz,mention
skalthoff,seattlecolleges
skalthoff,HARAPEKO
skalthoff,Theodore
Theodore Herzl,backupLungs
Gustavo Scotsman,Theodore
Gustavo Scotsman,skalthoff
Taetis,Gustavo
Taetis,Blushed
Taetis,pktxxre
Gustavo Scotsman,pktxxre
Blushed,Taetis
Gustavo Scotsman,Gustavo
Gustavo Scotsman,Tombuskess
Gustavo Scotsman,Blushed
Gustavo Scotsman,Taetis
Blushed,Gustavo
Gustavo Scotsman,everyone
Gustavo Scotsman,Battleship
Battleship,skalthoff
DannyJ,Gustavo
DannyJ,skalthoff
DannyJ,Battleship
skalthoff,DannyJ
skalthoff,Battleship
Gustavo Scotsman,DannyJ
skalthoff,Gustavo
Lord Celeborn,skalthoff
Lord Celeborn,Battleship
Gustavo Scotsman,SkeletonMan
skalthoff,SkeletonMan
skalthoff,everyone
SkeletonMan,everyone
SkeletonMan,Battleship
Lord Celeborn,SkeletonMan
skalthoff,DGie9Qkla
SkeletonMan,Gustavo
Lord Celeborn,Gustavo
Battleship,Gustavo
skalthoff,SwRmYe6E8cgH
Battleship,SwRmYe6E8cgH
Gustavo Scotsman,matthewlindburg
Battleship,garfield
Gustavo Scotsman,garfield
skalthoff,BabyBattleship
Gustavo Scotsman,sailsandpointorg
Gustavo Scotsman,BabyBattleship
skalthoff,westcoastsailing
Gustavo Scotsman,eveeyone
Battleship,minecraft
Battleship,everyone
skalthoff,skalthoff04
skalthoff,skalthoff
SkeletonMan,hahshah
SkeletonMan,ggomjg
Gustavo Scotsman,sailing
skalthoff,DarthSpleenius
milkycat21,Battleship
liaaa,Battleship
liaaa,skalthoff
liaaa,milkycat21
skalthoff,milkycat21
liaaa,everyone
milkycat21,skalthoff
skalthoff,reboot
patdabunnylego,skalthoff
Gustavo Scotsman,patdabunnylego
SkeletonMan,skalthoff
Battleship,patdabunnylego
Gustavo Scotsman,sammy_k
skalthoff,everone
sammy_k,everynoe
sammy_k,evreyone
skalthoff,queggy
MEE6,skalthoff
MEE6,Unknown
skalthoff,kukicagon
skalthoff,theoDore_hertzl
sari.not_sari,Battleship
skalthoff,seattleschools
christowopher,Gustavo
queggy,christowopher
r/teenagersbot,skalthoff
Gustavo Scotsman,clavinohou
DarthSpleenius,clavinohou
SlipperyManBean,clavinohou
EllaB,skalthoff
clavinohou,skalthoff
Gustavo Scotsman,jackgr
Gustavo Scotsman,evryone
skalthoff,buildinlayers
skalthoff,layerorder
skalthoff,crayfish
skalthoff,NotSoBot
skalthoff,alfredooo
skalthoff,canadas
skalthoff,BoyMayo
skalthoff,coughing
skalthoff,Doctor
skalthoff,Gappies
skalthoff,isunkplei
skalthoff,Likelei
skalthoff,Moe_Lester
skalthoff,OfficialRetard
skalthoff,OneSome
skalthoff,Pansmith
skalthoff,Peanut
skalthoff,RingoTingo
Gustavo Scotsman,Skalthoff
skalthoff,hotmail
Gustavo Scotsman,everyones
skalthoff,lordceleborn
Gustavo Scotsman,lordceleborn
Gustavo Scotsman,admins
Gustavo Scotsman,mgbGFGU
skalthoff,Official
Gustavo Scotsman,thesailingfoundation
skalthoff,Blushed
Blushed,skalthoff
Dyno,skalthoff
skalthoff,whitewolf
whitewolf,skalthoff
skalthoff,patdabunnylego
